Datetime,Real,Predicted,LSTM_Signal
2022-01-22 00:25:00+00:00,2581.76,2539.8416,-1
2022-01-22 00:30:00+00:00,2603.26,2540.506,-1
2022-01-22 00:35:00+00:00,2612.93,2541.9722,-1
2022-01-22 00:40:00+00:00,2609.67,2544.5034,-1
2022-01-22 00:45:00+00:00,2611.34,2547.9124,-1
2022-01-22 00:50:00+00:00,2606.02,2551.9358,-1
2022-01-22 00:55:00+00:00,2601.87,2556.1304,-1
2022-01-22 01:00:00+00:00,2589.72,2560.0662,-1
2022-01-22 01:05:00+00:00,2598.17,2563.2563,-1
2022-01-22 01:10:00+00:00,2594.01,2565.7285,-1
2022-01-22 01:15:00+00:00,2597.35,2567.516,-1
2022-01-22 01:20:00+00:00,2601.65,2568.7412,-1
2022-01-22 01:25:00+00:00,2600.77,2569.6602,-1
2022-01-22 01:30:00+00:00,2595.03,2570.404,-1
2022-01-22 01:35:00+00:00,2604.21,2570.9165,-1
2022-01-22 01:40:00+00:00,2605.47,2571.3875,-1
2022-01-22 01:45:00+00:00,2599.0,2571.9316,-1
2022-01-22 01:50:00+00:00,2607.59,2572.4233,-1
2022-01-22 01:55:00+00:00,2605.65,2572.9922,-1
2022-01-22 02:00:00+00:00,2601.52,2573.6328,-1
2022-01-22 02:05:00+00:00,2594.77,2574.2205,-1
2022-01-22 02:10:00+00:00,2600.18,2574.557,-1
2022-01-22 02:15:00+00:00,2595.57,2574.6855,-1
2022-01-22 02:20:00+00:00,2594.37,2574.5747,-1
2022-01-22 02:25:00+00:00,2590.69,2574.2197,-1
2022-01-22 02:30:00+00:00,2595.97,2573.589,-1
2022-01-22 02:35:00+00:00,2596.71,2572.8486,-1
2022-01-22 02:40:00+00:00,2597.02,2572.135,-1
2022-01-22 02:45:00+00:00,2600.35,2571.5178,-1
2022-01-22 02:50:00+00:00,2594.19,2571.1013,-1
2022-01-22 02:55:00+00:00,2602.19,2570.7627,-1
2022-01-22 03:00:00+00:00,2608.48,2570.6135,-1
2022-01-22 03:05:00+00:00,2605.15,2570.8323,-1
2022-01-22 03:10:00+00:00,2606.85,2571.3406,-1
2022-01-22 03:15:00+00:00,2600.13,2572.0833,-1
2022-01-22 03:20:00+00:00,2605.57,2572.8215,-1
2022-01-22 03:25:00+00:00,2600.85,2573.5698,-1
2022-01-22 03:30:00+00:00,2593.09,2574.2083,-1
2022-01-22 03:35:00+00:00,2587.29,2574.5093,-1
2022-01-22 03:40:00+00:00,2560.88,2574.2861,1
2022-01-22 03:45:00+00:00,2562.11,2572.9753,1
2022-01-22 03:50:00+00:00,2556.28,2570.5632,1
2022-01-22 03:55:00+00:00,2563.97,2567.1675,-1
2022-01-22 04:00:00+00:00,2571.5,2563.258,-1
2022-01-22 04:05:00+00:00,2567.38,2559.3774,-1
2022-01-22 04:10:00+00:00,2564.29,2555.7568,-1
2022-01-22 04:15:00+00:00,2571.3,2552.447,-1
2022-01-22 04:20:00+00:00,2571.08,2549.6462,-1
2022-01-22 04:25:00+00:00,2571.03,2547.406,-1
2022-01-22 04:30:00+00:00,2565.55,2545.6892,-1
2022-01-22 04:35:00+00:00,2561.98,2544.3103,-1
2022-01-22 04:40:00+00:00,2559.26,2543.067,-1
2022-01-22 04:45:00+00:00,2562.96,2541.8225,-1
2022-01-22 04:50:00+00:00,2565.01,2540.6355,-1
2022-01-22 04:55:00+00:00,2562.33,2539.5784,-1
2022-01-22 05:00:00+00:00,2557.16,2538.642,-1
2022-01-22 05:05:00+00:00,2549.17,2537.695,-1
2022-01-22 05:10:00+00:00,2556.11,2536.5325,-1
2022-01-22 05:15:00+00:00,2554.87,2535.2764,-1
2022-01-22 05:20:00+00:00,2548.98,2534.0002,-1
2022-01-22 05:25:00+00:00,2545.75,2532.6304,-1
2022-01-22 05:30:00+00:00,2535.98,2531.115,-1
2022-01-22 05:35:00+00:00,2529.88,2529.2668,-1
2022-01-22 05:40:00+00:00,2521.3,2526.9636,1
2022-01-22 05:45:00+00:00,2522.02,2524.0889,-1
2022-01-22 05:50:00+00:00,2515.03,2520.7617,1
2022-01-22 05:55:00+00:00,2502.44,2517.0327,1
2022-01-22 06:00:00+00:00,2502.95,2512.8003,1
2022-01-22 06:05:00+00:00,2511.67,2508.2014,-1
2022-01-22 06:10:00+00:00,2506.32,2503.6545,-1
2022-01-22 06:15:00+00:00,2500.04,2499.3152,-1
2022-01-22 06:20:00+00:00,2508.83,2495.16,-1
2022-01-22 06:25:00+00:00,2503.23,2491.4326,-1
2022-01-22 06:30:00+00:00,2494.36,2488.1216,-1
2022-01-22 06:35:00+00:00,2484.23,2485.0242,-1
2022-01-22 06:40:00+00:00,2517.17,2481.8528,-1
2022-01-22 06:45:00+00:00,2526.26,2479.2761,-1
2022-01-22 06:50:00+00:00,2518.49,2477.7717,-1
2022-01-22 06:55:00+00:00,2504.82,2477.2207,-1
2022-01-22 07:00:00+00:00,2503.59,2477.1057,-1
2022-01-22 07:05:00+00:00,2513.9,2477.0906,-1
2022-01-22 07:10:00+00:00,2518.4,2477.2468,-1
2022-01-22 07:15:00+00:00,2510.73,2477.69,-1
2022-01-22 07:20:00+00:00,2509.59,2478.2322,-1
2022-01-22 07:25:00+00:00,2489.88,2478.7253,-1
2022-01-22 07:30:00+00:00,2463.31,2478.6807,1
2022-01-22 07:35:00+00:00,2472.96,2477.4067,1
2022-01-22 07:40:00+00:00,2476.39,2475.0298,-1
2022-01-22 07:45:00+00:00,2485.33,2471.9302,-1
2022-01-22 07:50:00+00:00,2480.47,2468.654,-1
2022-01-22 07:55:00+00:00,2474.87,2465.4734,-1
2022-01-22 08:00:00+00:00,2480.74,2462.4011,-1
2022-01-22 08:05:00+00:00,2496.14,2459.6123,-1
2022-01-22 08:10:00+00:00,2497.77,2457.5388,-1
2022-01-22 08:15:00+00:00,2486.89,2456.3352,-1
2022-01-22 08:20:00+00:00,2479.21,2455.698,-1
2022-01-22 08:25:00+00:00,2486.7,2455.2253,-1
2022-01-22 08:30:00+00:00,2495.74,2454.8872,-1
2022-01-22 08:35:00+00:00,2488.73,2454.8777,-1
2022-01-22 08:40:00+00:00,2483.57,2455.0632,-1
2022-01-22 08:45:00+00:00,2481.72,2455.2136,-1
2022-01-22 08:50:00+00:00,2484.52,2455.2166,-1
2022-01-22 08:55:00+00:00,2477.92,2455.1123,-1
2022-01-22 09:00:00+00:00,2477.66,2454.7988,-1
2022-01-22 09:05:00+00:00,2474.76,2454.2441,-1
2022-01-22 09:10:00+00:00,2463.14,2453.432,-1
2022-01-22 09:15:00+00:00,2477.85,2452.176,-1
2022-01-22 09:20:00+00:00,2470.21,2450.82,-1
2022-01-22 09:25:00+00:00,2467.86,2449.3923,-1
2022-01-22 09:30:00+00:00,2463.46,2447.8818,-1
2022-01-22 09:35:00+00:00,2451.1,2446.239,-1
2022-01-22 09:40:00+00:00,2429.44,2444.2341,1
2022-01-22 09:45:00+00:00,2415.71,2441.3975,1
2022-01-22 09:50:00+00:00,2416.72,2437.422,1
2022-01-22 09:55:00+00:00,2400.83,2432.4731,1
2022-01-22 10:00:00+00:00,2380.39,2426.5742,1
2022-01-22 10:05:00+00:00,2358.78,2419.5886,1
2022-01-22 10:10:00+00:00,2330.25,2411.3174,1
2022-01-22 10:15:00+00:00,2335.07,2401.4832,1
2022-01-22 10:20:00+00:00,2353.47,2390.536,1
2022-01-22 10:25:00+00:00,2395.93,2379.4678,-1
2022-01-22 10:30:00+00:00,2424.21,2369.8608,-1
2022-01-22 10:35:00+00:00,2452.8800000000006,2362.963,-1
2022-01-22 10:40:00+00:00,2449.63,2359.636,-1
2022-01-22 10:45:00+00:00,2447.37,2359.6594,-1
2022-01-22 10:50:00+00:00,2430.38,2362.304,-1
2022-01-22 10:55:00+00:00,2436.92,2366.3562,-1
2022-01-22 11:00:00+00:00,2444.98,2371.087,-1
2022-01-22 11:05:00+00:00,2457.67,2376.1533,-1
2022-01-22 11:10:00+00:00,2443.89,2381.5198,-1
2022-01-22 11:15:00+00:00,2438.38,2386.7239,-1
2022-01-22 11:20:00+00:00,2440.73,2391.3645,-1
2022-01-22 11:25:00+00:00,2439.52,2395.3096,-1
2022-01-22 11:30:00+00:00,2440.63,2398.5393,-1
2022-01-22 11:35:00+00:00,2435.47,2401.1055,-1
2022-01-22 11:40:00+00:00,2425.93,2402.9885,-1
2022-01-22 11:45:00+00:00,2408.09,2404.034,-1
2022-01-22 11:50:00+00:00,2405.0,2403.9329,-1
2022-01-22 11:55:00+00:00,2433.33,2402.6584,-1
2022-01-22 12:00:00+00:00,2431.03,2401.044,-1
2022-01-22 12:05:00+00:00,2435.87,2399.5056,-1
2022-01-22 12:10:00+00:00,2443.12,2398.3489,-1
2022-01-22 12:15:00+00:00,2456.29,2397.807,-1
2022-01-22 12:20:00+00:00,2454.61,2398.1794,-1
2022-01-22 12:25:00+00:00,2446.78,2399.3843,-1
2022-01-22 12:30:00+00:00,2448.64,2401.0547,-1
2022-01-22 12:35:00+00:00,2456.07,2402.9392,-1
2022-01-22 12:40:00+00:00,2457.53,2405.029,-1
2022-01-22 12:45:00+00:00,2480.55,2407.2822,-1
2022-01-22 12:50:00+00:00,2483.08,2410.1013,-1
2022-01-22 12:55:00+00:00,2487.02,2413.5723,-1
2022-01-22 13:00:00+00:00,2482.06,2417.626,-1
2022-01-22 13:05:00+00:00,2480.13,2421.9421,-1
2022-01-22 13:10:00+00:00,2484.33,2426.212,-1
2022-01-22 13:15:00+00:00,2509.28,2430.2827,-1
2022-01-22 13:20:00+00:00,2500.64,2434.6003,-1
2022-01-22 13:25:00+00:00,2495.56,2439.0432,-1
2022-01-22 13:30:00+00:00,2488.17,2443.333,-1
2022-01-22 13:35:00+00:00,2486.28,2447.1052,-1
2022-01-22 13:40:00+00:00,2478.61,2450.1672,-1
2022-01-22 13:45:00+00:00,2474.23,2452.333,-1
2022-01-22 13:50:00+00:00,2476.08,2453.5303,-1
2022-01-22 13:55:00+00:00,2470.11,2453.887,-1
2022-01-22 14:00:00+00:00,2463.78,2453.494,-1
2022-01-22 14:05:00+00:00,2461.89,2452.3816,-1
2022-01-22 14:10:00+00:00,2465.49,2450.673,-1
2022-01-22 14:15:00+00:00,2460.09,2448.6265,-1
2022-01-22 14:20:00+00:00,2465.73,2446.35,-1
2022-01-22 14:25:00+00:00,2464.6,2444.0913,-1
2022-01-22 14:30:00+00:00,2456.47,2441.9932,-1
2022-01-22 14:35:00+00:00,2461.39,2439.931,-1
2022-01-22 14:40:00+00:00,2465.1,2438.0015,-1
2022-01-22 14:45:00+00:00,2463.04,2436.347,-1
2022-01-22 14:50:00+00:00,2450.5,2434.981,-1
2022-01-22 14:55:00+00:00,2432.24,2433.6077,-1
2022-01-22 15:00:00+00:00,2427.7,2431.7283,1
2022-01-22 15:05:00+00:00,2422.39,2429.152,1
2022-01-22 15:10:00+00:00,2417.8,2425.863,1
2022-01-22 15:15:00+00:00,2409.75,2421.944,1
2022-01-22 15:20:00+00:00,2400.62,2417.4517,1
2022-01-22 15:25:00+00:00,2407.26,2412.4167,-1
2022-01-22 15:30:00+00:00,2393.55,2407.185,1
2022-01-22 15:35:00+00:00,2403.01,2401.777,-1
2022-01-22 15:40:00+00:00,2401.47,2396.5234,-1
2022-01-22 15:45:00+00:00,2400.8,2391.623,-1
2022-01-22 15:50:00+00:00,2393.05,2387.1956,-1
2022-01-22 15:55:00+00:00,2395.06,2383.1404,-1
2022-01-22 16:00:00+00:00,2381.86,2379.4707,-1
2022-01-22 16:05:00+00:00,2385.44,2375.92,-1
2022-01-22 16:10:00+00:00,2419.24,2372.4978,-1
2022-01-22 16:15:00+00:00,2431.45,2369.9805,-1
2022-01-22 16:20:00+00:00,2439.36,2368.8882,-1
2022-01-22 16:25:00+00:00,2451.56,2369.4019,-1
2022-01-22 16:30:00+00:00,2450.92,2371.572,-1
2022-01-22 16:35:00+00:00,2445.33,2375.083,-1
2022-01-22 16:40:00+00:00,2439.32,2379.3828,-1
2022-01-22 16:45:00+00:00,2434.72,2383.8467,-1
2022-01-22 16:50:00+00:00,2423.0,2387.9846,-1
2022-01-22 16:55:00+00:00,2435.34,2391.2983,-1
2022-01-22 17:00:00+00:00,2442.3,2393.9185,-1
2022-01-22 17:05:00+00:00,2441.36,2396.1167,-1
2022-01-22 17:10:00+00:00,2427.05,2398.0364,-1
2022-01-22 17:15:00+00:00,2424.98,2399.4246,-1
2022-01-22 17:20:00+00:00,2417.54,2400.182,-1
2022-01-22 17:25:00+00:00,2410.07,2400.2122,-1
2022-01-22 17:30:00+00:00,2403.89,2399.4226,-1
2022-01-22 17:35:00+00:00,2399.25,2397.787,-1
2022-01-22 17:40:00+00:00,2395.18,2395.383,-1
2022-01-22 17:45:00+00:00,2398.58,2392.3418,-1
2022-01-22 17:50:00+00:00,2391.21,2388.969,-1
2022-01-22 17:55:00+00:00,2384.95,2385.3672,-1
2022-01-22 18:00:00+00:00,2378.48,2381.5586,-1
2022-01-22 18:05:00+00:00,2368.95,2377.5183,1
2022-01-22 18:10:00+00:00,2366.64,2373.1719,1
2022-01-22 18:15:00+00:00,2388.36,2368.5664,-1
2022-01-22 18:20:00+00:00,2388.97,2364.321,-1
2022-01-22 18:25:00+00:00,2374.64,2360.759,-1
2022-01-22 18:30:00+00:00,2352.17,2357.6902,1
2022-01-22 18:35:00+00:00,2345.66,2354.5217,1
2022-01-22 18:40:00+00:00,2337.79,2350.931,1
2022-01-22 18:45:00+00:00,2358.37,2346.764,-1
2022-01-22 18:50:00+00:00,2350.21,2342.567,-1
2022-01-22 18:55:00+00:00,2340.05,2338.51,-1
2022-01-22 19:00:00+00:00,2346.11,2334.5186,-1
2022-01-22 19:05:00+00:00,2354.57,2330.7476,-1
2022-01-22 19:10:00+00:00,2352.11,2327.4995,-1
2022-01-22 19:15:00+00:00,2354.52,2324.8347,-1
2022-01-22 19:20:00+00:00,2337.66,2322.7769,-1
2022-01-22 19:25:00+00:00,2333.8,2320.913,-1
2022-01-22 19:30:00+00:00,2342.94,2319.0007,-1
2022-01-22 19:35:00+00:00,2349.78,2317.1648,-1
2022-01-22 19:40:00+00:00,2343.7,2315.629,-1
2022-01-22 19:45:00+00:00,2350.95,2314.3455,-1
2022-01-22 19:50:00+00:00,2361.31,2313.4397,-1
2022-01-22 19:55:00+00:00,2346.94,2313.1262,-1
2022-01-22 20:00:00+00:00,2335.34,2313.14,-1
2022-01-22 20:05:00+00:00,2338.99,2313.027,-1
2022-01-22 20:10:00+00:00,2395.31,2312.68,-1
2022-01-22 20:15:00+00:00,2442.57,2313.2834,-1
2022-01-22 20:20:00+00:00,2427.42,2316.242,-1
2022-01-22 20:25:00+00:00,2403.22,2321.4011,-1
2022-01-22 20:30:00+00:00,2400.4,2327.6694,-1
2022-01-22 20:35:00+00:00,2410.04,2334.1558,-1
2022-01-22 20:40:00+00:00,2408.53,2340.5178,-1
2022-01-22 20:45:00+00:00,2399.98,2346.4683,-1
2022-01-22 20:50:00+00:00,2410.26,2351.626,-1
2022-01-22 20:55:00+00:00,2430.88,2356.0474,-1
2022-01-22 21:00:00+00:00,2425.32,2360.2937,-1
2022-01-22 21:05:00+00:00,2425.53,2364.457,-1
2022-01-22 21:10:00+00:00,2417.82,2368.4648,-1
2022-01-22 21:15:00+00:00,2433.73,2372.0542,-1
2022-01-22 21:20:00+00:00,2432.47,2375.445,-1
2022-01-22 21:25:00+00:00,2428.73,2378.7139,-1
2022-01-22 21:30:00+00:00,2432.74,2381.744,-1
2022-01-22 21:35:00+00:00,2437.96,2384.5022,-1
2022-01-22 21:40:00+00:00,2441.57,2387.0994,-1
2022-01-22 21:45:00+00:00,2436.82,2389.662,-1
2022-01-22 21:50:00+00:00,2438.61,2392.097,-1
2022-01-22 21:55:00+00:00,2450.8,2394.334,-1
2022-01-22 22:00:00+00:00,2440.99,2396.593,-1
2022-01-22 22:05:00+00:00,2438.18,2398.7373,-1
2022-01-22 22:10:00+00:00,2436.22,2400.6091,-1
2022-01-22 22:15:00+00:00,2431.12,2402.0793,-1
2022-01-22 22:20:00+00:00,2426.86,2403.0344,-1
2022-01-22 22:25:00+00:00,2419.91,2403.4087,-1
2022-01-22 22:30:00+00:00,2404.3,2403.1345,-1
2022-01-22 22:35:00+00:00,2402.98,2401.9287,-1
2022-01-22 22:40:00+00:00,2392.04,2399.826,1
2022-01-22 22:45:00+00:00,2382.62,2396.8198,1
2022-01-22 22:50:00+00:00,2380.29,2392.925,1
2022-01-22 22:55:00+00:00,2384.42,2388.3257,-1
2022-01-22 23:00:00+00:00,2380.81,2383.4001,-1
2022-01-22 23:05:00+00:00,2378.26,2378.4097,-1
2022-01-22 23:10:00+00:00,2386.68,2373.5388,-1
2022-01-22 23:15:00+00:00,2394.08,2369.098,-1
2022-01-22 23:20:00+00:00,2395.95,2365.4124,-1
2022-01-22 23:25:00+00:00,2400.43,2362.6155,-1
2022-01-22 23:30:00+00:00,2404.85,2360.7659,-1
2022-01-22 23:35:00+00:00,2399.95,2359.8525,-1
2022-01-22 23:40:00+00:00,2401.87,2359.6318,-1
2022-01-22 23:45:00+00:00,2399.39,2359.9167,-1
2022-01-22 23:50:00+00:00,2403.47,2360.491,-1
2022-01-22 23:55:00+00:00,2405.53,2361.2751,-1
2022-01-23 00:00:00+00:00,2405.75,2362.235,-1
2022-01-23 00:05:00+00:00,2409.07,2363.313,-1
2022-01-23 00:10:00+00:00,2421.27,2364.52,-1
2022-01-23 00:15:00+00:00,2413.01,2366.0671,-1
2022-01-23 00:20:00+00:00,2423.08,2367.7896,-1
2022-01-23 00:25:00+00:00,2434.45,2369.76,-1
2022-01-23 00:30:00+00:00,2440.68,2372.1746,-1
2022-01-23 00:35:00+00:00,2437.86,2375.128,-1
2022-01-23 00:40:00+00:00,2439.45,2378.451,-1
2022-01-23 00:45:00+00:00,2437.8,2381.9631,-1
2022-01-23 00:50:00+00:00,2441.18,2385.4365,-1
2022-01-23 00:55:00+00:00,2443.26,2388.7876,-1
2022-01-23 01:00:00+00:00,2445.3,2391.9692,-1
2022-01-23 01:05:00+00:00,2446.68,2394.9695,-1
2022-01-23 01:10:00+00:00,2441.42,2397.7812,-1
2022-01-23 01:15:00+00:00,2439.29,2400.2642,-1
2022-01-23 01:20:00+00:00,2442.28,2402.3086,-1
2022-01-23 01:25:00+00:00,2445.27,2403.973,-1
2022-01-23 01:30:00+00:00,2449.53,2405.3633,-1
2022-01-23 01:35:00+00:00,2452.28,2406.6497,-1
2022-01-23 01:40:00+00:00,2450.53,2407.955,-1
2022-01-23 01:45:00+00:00,2449.44,2409.2654,-1
2022-01-23 01:50:00+00:00,2446.29,2410.5105,-1
2022-01-23 01:55:00+00:00,2445.02,2411.584,-1
2022-01-23 02:00:00+00:00,2446.61,2412.411,-1
2022-01-23 02:05:00+00:00,2442.03,2413.02,-1
2022-01-23 02:10:00+00:00,2434.93,2413.3489,-1
2022-01-23 02:15:00+00:00,2433.16,2413.2556,-1
2022-01-23 02:20:00+00:00,2427.56,2412.7158,-1
2022-01-23 02:25:00+00:00,2428.7,2411.6853,-1
2022-01-23 02:30:00+00:00,2434.04,2410.2737,-1
2022-01-23 02:35:00+00:00,2432.48,2408.7446,-1
2022-01-23 02:40:00+00:00,2426.05,2407.2327,-1
2022-01-23 02:45:00+00:00,2420.14,2405.6858,-1
2022-01-23 02:50:00+00:00,2417.04,2403.9888,-1
2022-01-23 02:55:00+00:00,2405.26,2402.0818,-1
2022-01-23 03:00:00+00:00,2403.51,2399.7666,-1
2022-01-23 03:05:00+00:00,2403.09,2397.031,-1
2022-01-23 03:10:00+00:00,2405.01,2393.9912,-1
2022-01-23 03:15:00+00:00,2404.13,2390.8608,-1
2022-01-23 03:20:00+00:00,2397.73,2387.797,-1
2022-01-23 03:25:00+00:00,2397.02,2384.782,-1
2022-01-23 03:30:00+00:00,2401.71,2381.845,-1
2022-01-23 03:35:00+00:00,2403.97,2379.1467,-1
2022-01-23 03:40:00+00:00,2410.0,2376.826,-1
2022-01-23 03:45:00+00:00,2413.82,2375.0547,-1
2022-01-23 03:50:00+00:00,2416.19,2373.9329,-1
2022-01-23 03:55:00+00:00,2416.6,2373.4668,-1
2022-01-23 04:00:00+00:00,2412.94,2373.5706,-1
2022-01-23 04:05:00+00:00,2416.27,2374.0295,-1
2022-01-23 04:10:00+00:00,2424.17,2374.7373,-1
2022-01-23 04:15:00+00:00,2428.78,2375.7703,-1
2022-01-23 04:20:00+00:00,2428.39,2377.1863,-1
2022-01-23 04:25:00+00:00,2429.68,2378.9104,-1
2022-01-23 04:30:00+00:00,2435.93,2380.8447,-1
2022-01-23 04:35:00+00:00,2438.55,2383.0027,-1
2022-01-23 04:40:00+00:00,2436.96,2385.3743,-1
2022-01-23 04:45:00+00:00,2434.35,2387.8352,-1
2022-01-23 04:50:00+00:00,2434.29,2390.1975,-1
2022-01-23 04:55:00+00:00,2432.62,2392.3452,-1
2022-01-23 05:00:00+00:00,2436.41,2394.187,-1
2022-01-23 05:05:00+00:00,2438.2,2395.7793,-1
2022-01-23 05:10:00+00:00,2424.11,2397.1921,-1
2022-01-23 05:15:00+00:00,2419.96,2398.1548,-1
2022-01-23 05:20:00+00:00,2422.95,2398.5125,-1
2022-01-23 05:25:00+00:00,2424.04,2398.36,-1
2022-01-23 05:30:00+00:00,2429.17,2397.8547,-1
2022-01-23 05:35:00+00:00,2437.76,2397.242,-1
2022-01-23 05:40:00+00:00,2435.17,2396.848,-1
2022-01-23 05:45:00+00:00,2439.66,2396.7373,-1
2022-01-23 05:50:00+00:00,2454.49,2396.986,-1
2022-01-23 05:55:00+00:00,2452.43,2397.877,-1
2022-01-23 06:00:00+00:00,2464.6,2399.3652,-1
2022-01-23 06:05:00+00:00,2461.91,2401.5576,-1
2022-01-23 06:10:00+00:00,2460.7,2404.2786,-1
2022-01-23 06:15:00+00:00,2468.75,2407.2708,-1
2022-01-23 06:20:00+00:00,2463.3,2410.4927,-1
2022-01-23 06:25:00+00:00,2462.19,2413.6982,-1
2022-01-23 06:30:00+00:00,2462.17,2416.687,-1
2022-01-23 06:35:00+00:00,2460.62,2419.3533,-1
2022-01-23 06:40:00+00:00,2457.26,2421.6125,-1
2022-01-23 06:45:00+00:00,2458.75,2423.3787,-1
2022-01-23 06:50:00+00:00,2455.17,2424.7002,-1
2022-01-23 06:55:00+00:00,2457.69,2425.5579,-1
2022-01-23 07:00:00+00:00,2459.86,2426.0652,-1
2022-01-23 07:05:00+00:00,2468.33,2426.3777,-1
2022-01-23 07:10:00+00:00,2477.19,2426.7585,-1
2022-01-23 07:15:00+00:00,2482.66,2427.5132,-1
2022-01-23 07:20:00+00:00,2486.84,2428.8044,-1
2022-01-23 07:25:00+00:00,2490.48,2430.6758,-1
2022-01-23 07:30:00+00:00,2491.13,2433.0903,-1
2022-01-23 07:35:00+00:00,2490.68,2435.893,-1
2022-01-23 07:40:00+00:00,2496.58,2438.8816,-1
2022-01-23 07:45:00+00:00,2495.29,2442.0002,-1
2022-01-23 07:50:00+00:00,2491.17,2445.1123,-1
2022-01-23 07:55:00+00:00,2488.66,2447.998,-1
2022-01-23 08:00:00+00:00,2485.68,2450.4897,-1
2022-01-23 08:05:00+00:00,2486.32,2452.4587,-1
2022-01-23 08:10:00+00:00,2492.88,2453.9175,-1
2022-01-23 08:15:00+00:00,2491.95,2455.0718,-1
2022-01-23 08:20:00+00:00,2491.18,2456.023,-1
2022-01-23 08:25:00+00:00,2490.75,2456.8105,-1
2022-01-23 08:30:00+00:00,2495.57,2457.4531,-1
2022-01-23 08:35:00+00:00,2502.57,2458.073,-1
2022-01-23 08:40:00+00:00,2502.2,2458.8726,-1
2022-01-23 08:45:00+00:00,2500.02,2459.883,-1
2022-01-23 08:50:00+00:00,2497.27,2461.0034,-1
2022-01-23 08:55:00+00:00,2500.87,2462.0908,-1
2022-01-23 09:00:00+00:00,2511.54,2463.1401,-1
2022-01-23 09:05:00+00:00,2517.8,2464.3708,-1
2022-01-23 09:10:00+00:00,2524.83,2465.9653,-1
2022-01-23 09:15:00+00:00,2528.28,2468.0618,-1
2022-01-23 09:20:00+00:00,2528.0,2470.6697,-1
2022-01-23 09:25:00+00:00,2532.92,2473.6462,-1
2022-01-23 09:30:00+00:00,2540.8,2476.9045,-1
2022-01-23 09:35:00+00:00,2539.29,2480.466,-1
2022-01-23 09:40:00+00:00,2533.86,2484.1785,-1
2022-01-23 09:45:00+00:00,2532.15,2487.748,-1
2022-01-23 09:50:00+00:00,2532.37,2490.9565,-1
2022-01-23 09:55:00+00:00,2536.48,2493.7053,-1
2022-01-23 10:00:00+00:00,2532.82,2496.0684,-1
2022-01-23 10:05:00+00:00,2527.64,2498.0127,-1
2022-01-23 10:10:00+00:00,2526.62,2499.4355,-1
2022-01-23 10:15:00+00:00,2524.51,2500.3315,-1
2022-01-23 10:20:00+00:00,2521.43,2500.7239,-1
2022-01-23 10:25:00+00:00,2524.23,2500.632,-1
2022-01-23 10:30:00+00:00,2527.5,2500.2087,-1
2022-01-23 10:35:00+00:00,2525.16,2499.6575,-1
2022-01-23 10:40:00+00:00,2528.7,2499.0547,-1
2022-01-23 10:45:00+00:00,2526.3,2498.5356,-1
2022-01-23 10:50:00+00:00,2524.12,2498.094,-1
2022-01-23 10:55:00+00:00,2527.07,2497.67,-1
2022-01-23 11:00:00+00:00,2531.47,2497.3118,-1
2022-01-23 11:05:00+00:00,2529.81,2497.1355,-1
2022-01-23 11:10:00+00:00,2529.53,2497.1304,-1
2022-01-23 11:15:00+00:00,2524.75,2497.2512,-1
2022-01-23 11:20:00+00:00,2517.61,2497.3481,-1
2022-01-23 11:25:00+00:00,2514.52,2497.201,-1
2022-01-23 11:30:00+00:00,2509.43,2496.6897,-1
2022-01-23 11:35:00+00:00,2502.59,2495.7202,-1
2022-01-23 11:40:00+00:00,2501.42,2494.2034,-1
2022-01-23 11:45:00+00:00,2504.37,2492.2036,-1
2022-01-23 11:50:00+00:00,2502.8,2489.9363,-1
2022-01-23 11:55:00+00:00,2501.27,2487.5637,-1
2022-01-23 12:00:00+00:00,2502.34,2485.1873,-1
2022-01-23 12:05:00+00:00,2497.49,2482.923,-1
2022-01-23 12:10:00+00:00,2492.67,2480.7454,-1
2022-01-23 12:15:00+00:00,2492.54,2478.567,-1
2022-01-23 12:20:00+00:00,2490.03,2476.385,-1
2022-01-23 12:25:00+00:00,2497.04,2474.1936,-1
2022-01-23 12:30:00+00:00,2495.11,2472.1917,-1
2022-01-23 12:35:00+00:00,2494.08,2470.4402,-1
2022-01-23 12:40:00+00:00,2491.78,2468.934,-1
2022-01-23 12:45:00+00:00,2488.72,2467.6106,-1
2022-01-23 12:50:00+00:00,2492.38,2466.3694,-1
2022-01-23 12:55:00+00:00,2494.09,2465.2598,-1
2022-01-23 13:00:00+00:00,2493.82,2464.3472,-1
2022-01-23 13:05:00+00:00,2490.9,2463.6348,-1
2022-01-23 13:10:00+00:00,2493.58,2463.0432,-1
2022-01-23 13:15:00+00:00,2494.96,2462.5916,-1
2022-01-23 13:20:00+00:00,2495.96,2462.3035,-1
2022-01-23 13:25:00+00:00,2499.25,2462.19,-1
2022-01-23 13:30:00+00:00,2503.36,2462.299,-1
2022-01-23 13:35:00+00:00,2502.24,2462.7004,-1
2022-01-23 13:40:00+00:00,2499.6,2463.3494,-1
2022-01-23 13:45:00+00:00,2506.16,2464.1035,-1
2022-01-23 13:50:00+00:00,2504.97,2465.0107,-1
2022-01-23 13:55:00+00:00,2505.08,2466.025,-1
2022-01-23 14:00:00+00:00,2509.87,2467.088,-1
2022-01-23 14:05:00+00:00,2501.52,2468.2498,-1
2022-01-23 14:10:00+00:00,2487.43,2469.307,-1
2022-01-23 14:15:00+00:00,2471.39,2469.851,-1
2022-01-23 14:20:00+00:00,2467.28,2469.424,1
2022-01-23 14:25:00+00:00,2462.78,2467.9119,1
2022-01-23 14:30:00+00:00,2464.3,2465.3928,-1
2022-01-23 14:35:00+00:00,2463.75,2462.1633,-1
2022-01-23 14:40:00+00:00,2451.5,2458.5317,1
2022-01-23 14:45:00+00:00,2429.57,2454.5164,1
2022-01-23 14:50:00+00:00,2423.0,2449.7961,1
2022-01-23 14:55:00+00:00,2432.03,2444.3,1
2022-01-23 15:00:00+00:00,2438.32,2438.4448,-1
2022-01-23 15:05:00+00:00,2433.13,2432.7346,-1
2022-01-23 15:10:00+00:00,2432.47,2427.3738,-1
2022-01-23 15:15:00+00:00,2431.14,2422.4863,-1
2022-01-23 15:20:00+00:00,2434.35,2418.1182,-1
2022-01-23 15:25:00+00:00,2434.14,2414.3655,-1
2022-01-23 15:30:00+00:00,2431.16,2411.2336,-1
2022-01-23 15:35:00+00:00,2431.62,2408.621,-1
2022-01-23 15:40:00+00:00,2430.38,2406.4517,-1
2022-01-23 15:45:00+00:00,2426.51,2404.647,-1
2022-01-23 15:50:00+00:00,2425.32,2403.0654,-1
2022-01-23 15:55:00+00:00,2430.99,2401.6118,-1
2022-01-23 16:00:00+00:00,2432.52,2400.3699,-1
2022-01-23 16:05:00+00:00,2437.18,2399.4148,-1
2022-01-23 16:10:00+00:00,2444.95,2398.8562,-1
2022-01-23 16:15:00+00:00,2443.87,2398.85,-1
2022-01-23 16:20:00+00:00,2443.12,2399.3403,-1
2022-01-23 16:25:00+00:00,2429.46,2400.1963,-1
2022-01-23 16:30:00+00:00,2425.11,2400.9841,-1
2022-01-23 16:35:00+00:00,2426.48,2401.4084,-1
2022-01-23 16:40:00+00:00,2426.15,2401.4219,-1
2022-01-23 16:45:00+00:00,2431.8,2401.0742,-1
2022-01-23 16:50:00+00:00,2432.51,2400.5786,-1
2022-01-23 16:55:00+00:00,2431.11,2400.084,-1
2022-01-23 17:00:00+00:00,2434.22,2399.6296,-1
2022-01-23 17:05:00+00:00,2434.33,2399.305,-1
2022-01-23 17:10:00+00:00,2438.59,2399.1428,-1
2022-01-23 17:15:00+00:00,2435.72,2399.2139,-1
2022-01-23 17:20:00+00:00,2437.58,2399.4487,-1
2022-01-23 17:25:00+00:00,2438.88,2399.8225,-1
2022-01-23 17:30:00+00:00,2440.32,2400.3196,-1
2022-01-23 17:35:00+00:00,2440.31,2400.9402,-1
2022-01-23 17:40:00+00:00,2442.07,2401.6401,-1
2022-01-23 17:45:00+00:00,2443.29,2402.4163,-1
2022-01-23 17:50:00+00:00,2444.61,2403.2646,-1
2022-01-23 17:55:00+00:00,2441.68,2404.1797,-1
2022-01-23 18:00:00+00:00,2441.82,2405.0676,-1
2022-01-23 18:05:00+00:00,2442.16,2405.8704,-1
2022-01-23 18:10:00+00:00,2434.96,2406.5713,-1
2022-01-23 18:15:00+00:00,2432.86,2407.0146,-1
2022-01-23 18:20:00+00:00,2429.79,2407.1155,-1
2022-01-23 18:25:00+00:00,2425.13,2406.832,-1
2022-01-23 18:30:00+00:00,2427.33,2406.1116,-1
2022-01-23 18:35:00+00:00,2430.46,2405.0728,-1
2022-01-23 18:40:00+00:00,2427.44,2403.9087,-1
2022-01-23 18:45:00+00:00,2423.48,2402.6882,-1
2022-01-23 18:50:00+00:00,2416.2,2401.3892,-1
2022-01-23 18:55:00+00:00,2415.9,2399.8857,-1
2022-01-23 19:00:00+00:00,2421.3900000000003,2398.178,-1
2022-01-23 19:05:00+00:00,2419.09,2396.4583,-1
2022-01-23 19:10:00+00:00,2414.06,2394.7988,-1
2022-01-23 19:15:00+00:00,2408.71,2393.148,-1
2022-01-23 19:20:00+00:00,2416.5,2391.4019,-1
2022-01-23 19:25:00+00:00,2422.77,2389.728,-1
2022-01-23 19:30:00+00:00,2425.51,2388.368,-1
2022-01-23 19:35:00+00:00,2418.5,2387.4612,-1
2022-01-23 19:40:00+00:00,2393.17,2386.854,-1
2022-01-23 19:45:00+00:00,2395.8,2385.9011,-1
2022-01-23 19:50:00+00:00,2388.92,2384.443,-1
2022-01-23 19:55:00+00:00,2386.98,2382.3916,-1
2022-01-23 20:00:00+00:00,2382.53,2379.809,-1
2022-01-23 20:05:00+00:00,2392.39,2376.773,-1
2022-01-23 20:10:00+00:00,2403.91,2373.6685,-1
2022-01-23 20:15:00+00:00,2407.77,2370.998,-1
2022-01-23 20:20:00+00:00,2409.89,2369.0522,-1
2022-01-23 20:25:00+00:00,2412.84,2367.9058,-1
2022-01-23 20:30:00+00:00,2408.2,2367.537,-1
2022-01-23 20:35:00+00:00,2410.41,2367.723,-1
2022-01-23 20:40:00+00:00,2415.37,2368.3044,-1
2022-01-23 20:45:00+00:00,2419.37,2369.2375,-1
2022-01-23 20:50:00+00:00,2421.91,2370.512,-1
2022-01-23 20:55:00+00:00,2421.17,2372.0872,-1
2022-01-23 21:00:00+00:00,2418.71,2373.869,-1
2022-01-23 21:05:00+00:00,2415.26,2375.6729,-1
2022-01-23 21:10:00+00:00,2409.69,2377.309,-1
2022-01-23 21:15:00+00:00,2415.48,2378.5605,-1
2022-01-23 21:20:00+00:00,2418.85,2379.503,-1
2022-01-23 21:25:00+00:00,2421.87,2380.2786,-1
2022-01-23 21:30:00+00:00,2417.52,2381.0251,-1
2022-01-23 21:35:00+00:00,2416.64,2381.7034,-1
2022-01-23 21:40:00+00:00,2428.8,2382.2754,-1
2022-01-23 21:45:00+00:00,2430.64,2382.9846,-1
2022-01-23 21:50:00+00:00,2426.56,2383.9502,-1
2022-01-23 21:55:00+00:00,2425.04,2385.061,-1
2022-01-23 22:00:00+00:00,2424.58,2386.1846,-1
2022-01-23 22:05:00+00:00,2423.74,2387.2253,-1
2022-01-23 22:10:00+00:00,2429.04,2388.12,-1
2022-01-23 22:15:00+00:00,2427.42,2388.9607,-1
2022-01-23 22:20:00+00:00,2431.93,2389.7449,-1
2022-01-23 22:25:00+00:00,2430.96,2390.559,-1
2022-01-23 22:30:00+00:00,2437.23,2391.4104,-1
2022-01-23 22:35:00+00:00,2437.49,2392.405,-1
2022-01-23 22:40:00+00:00,2433.33,2393.5532,-1
2022-01-23 22:45:00+00:00,2435.24,2394.7117,-1
2022-01-23 22:50:00+00:00,2438.28,2395.8313,-1
2022-01-23 22:55:00+00:00,2441.61,2396.9507,-1
2022-01-23 23:00:00+00:00,2453.32,2398.1294,-1
2022-01-23 23:05:00+00:00,2476.64,2399.6104,-1
2022-01-23 23:10:00+00:00,2505.4,2401.929,-1
2022-01-23 23:15:00+00:00,2524.03,2405.7722,-1
2022-01-23 23:20:00+00:00,2532.17,2411.5212,-1
2022-01-23 23:25:00+00:00,2538.36,2419.076,-1
2022-01-23 23:30:00+00:00,2527.55,2428.0498,-1
2022-01-23 23:35:00+00:00,2527.17,2437.5986,-1
2022-01-23 23:40:00+00:00,2527.7,2447.0227,-1
2022-01-23 23:45:00+00:00,2534.97,2455.8535,-1
2022-01-23 23:50:00+00:00,2534.76,2463.9617,-1
2022-01-23 23:55:00+00:00,2535.59,2471.2505,-1
2022-01-24 00:00:00+00:00,2530.94,2477.6863,-1
2022-01-24 00:05:00+00:00,2524.42,2483.161,-1
2022-01-24 00:10:00+00:00,2518.59,2487.5286,-1
2022-01-24 00:15:00+00:00,2519.34,2490.6895,-1
2022-01-24 00:20:00+00:00,2513.8,2492.7576,-1
2022-01-24 00:25:00+00:00,2502.0,2493.8057,-1
2022-01-24 00:30:00+00:00,2494.99,2493.7527,-1
2022-01-24 00:35:00+00:00,2491.9,2492.593,-1
2022-01-24 00:40:00+00:00,2492.58,2490.4795,-1
2022-01-24 00:45:00+00:00,2493.34,2487.6946,-1
2022-01-24 00:50:00+00:00,2494.88,2484.5586,-1
2022-01-24 00:55:00+00:00,2493.55,2481.3606,-1
2022-01-24 01:00:00+00:00,2495.42,2478.2808,-1
2022-01-24 01:05:00+00:00,2497.73,2475.4749,-1
2022-01-24 01:10:00+00:00,2493.62,2473.0784,-1
2022-01-24 01:15:00+00:00,2494.3,2471.038,-1
2022-01-24 01:20:00+00:00,2494.56,2469.3274,-1
2022-01-24 01:25:00+00:00,2484.59,2467.9207,-1
2022-01-24 01:30:00+00:00,2476.31,2466.5713,-1
2022-01-24 01:35:00+00:00,2475.6,2465.0017,-1
2022-01-24 01:40:00+00:00,2470.45,2463.1396,-1
2022-01-24 01:45:00+00:00,2470.9,2460.939,-1
2022-01-24 01:50:00+00:00,2468.86,2458.4995,-1
2022-01-24 01:55:00+00:00,2460.04,2455.9148,-1
2022-01-24 02:00:00+00:00,2461.28,2453.1096,-1
2022-01-24 02:05:00+00:00,2456.08,2450.177,-1
2022-01-24 02:10:00+00:00,2456.07,2447.131,-1
2022-01-24 02:15:00+00:00,2455.51,2444.057,-1
2022-01-24 02:20:00+00:00,2453.64,2441.0513,-1
2022-01-24 02:25:00+00:00,2454.83,2438.1636,-1
2022-01-24 02:30:00+00:00,2459.62,2435.4834,-1
2022-01-24 02:35:00+00:00,2459.31,2433.18,-1
2022-01-24 02:40:00+00:00,2459.11,2431.2969,-1
2022-01-24 02:45:00+00:00,2457.87,2429.8164,-1
2022-01-24 02:50:00+00:00,2454.78,2428.6716,-1
2022-01-24 02:55:00+00:00,2449.98,2427.7263,-1
2022-01-24 03:00:00+00:00,2441.34,2426.8066,-1
2022-01-24 03:05:00+00:00,2443.53,2425.6626,-1
2022-01-24 03:10:00+00:00,2441.86,2424.2874,-1
2022-01-24 03:15:00+00:00,2445.61,2422.7266,-1
2022-01-24 03:20:00+00:00,2447.64,2421.1409,-1
2022-01-24 03:25:00+00:00,2447.64,2419.688,-1
2022-01-24 03:30:00+00:00,2451.98,2418.4434,-1
2022-01-24 03:35:00+00:00,2454.64,2417.5232,-1
2022-01-24 03:40:00+00:00,2454.98,2417.0022,-1
2022-01-24 03:45:00+00:00,2453.38,2416.8616,-1
2022-01-24 03:50:00+00:00,2458.13,2416.9927,-1
2022-01-24 03:55:00+00:00,2460.24,2417.3994,-1
2022-01-24 04:00:00+00:00,2464.53,2418.0789,-1
2022-01-24 04:05:00+00:00,2464.21,2419.0637,-1
2022-01-24 04:10:00+00:00,2460.99,2420.2866,-1
2022-01-24 04:15:00+00:00,2460.0,2421.578,-1
2022-01-24 04:20:00+00:00,2460.84,2422.8079,-1
2022-01-24 04:25:00+00:00,2458.69,2423.9192,-1
2022-01-24 04:30:00+00:00,2458.29,2424.8408,-1
2022-01-24 04:35:00+00:00,2458.04,2425.542,-1
2022-01-24 04:40:00+00:00,2448.14,2426.0298,-1
2022-01-24 04:45:00+00:00,2443.5,2426.1228,-1
2022-01-24 04:50:00+00:00,2437.47,2425.7026,-1
2022-01-24 04:55:00+00:00,2437.97,2424.6833,-1
2022-01-24 05:00:00+00:00,2436.13,2423.1577,-1
2022-01-24 05:05:00+00:00,2428.67,2421.2551,-1
2022-01-24 05:10:00+00:00,2430.5,2418.9707,-1
2022-01-24 05:15:00+00:00,2433.28,2416.4514,-1
2022-01-24 05:20:00+00:00,2432.92,2413.919,-1
2022-01-24 05:25:00+00:00,2432.06,2411.5186,-1
2022-01-24 05:30:00+00:00,2429.38,2409.3215,-1
2022-01-24 05:35:00+00:00,2426.46,2407.3105,-1
2022-01-24 05:40:00+00:00,2431.37,2405.4207,-1
2022-01-24 05:45:00+00:00,2437.01,2403.7515,-1
2022-01-24 05:50:00+00:00,2439.57,2402.4688,-1
2022-01-24 05:55:00+00:00,2441.34,2401.6558,-1
2022-01-24 06:00:00+00:00,2439.39,2401.3293,-1
2022-01-24 06:05:00+00:00,2437.31,2401.3777,-1
2022-01-24 06:10:00+00:00,2436.58,2401.6443,-1
2022-01-24 06:15:00+00:00,2442.6,2401.999,-1
2022-01-24 06:20:00+00:00,2446.5,2402.486,-1
2022-01-24 06:25:00+00:00,2450.89,2403.1863,-1
2022-01-24 06:30:00+00:00,2448.28,2404.1824,-1
2022-01-24 06:35:00+00:00,2446.95,2405.3823,-1
2022-01-24 06:40:00+00:00,2446.83,2406.6538,-1
2022-01-24 06:45:00+00:00,2444.27,2407.8982,-1
2022-01-24 06:50:00+00:00,2442.22,2408.9949,-1
2022-01-24 06:55:00+00:00,2442.39,2409.8467,-1
2022-01-24 07:00:00+00:00,2430.3,2410.4392,-1
2022-01-24 07:05:00+00:00,2429.21,2410.5374,-1
2022-01-24 07:10:00+00:00,2422.49,2410.0955,-1
2022-01-24 07:15:00+00:00,2419.75,2409.054,-1
2022-01-24 07:20:00+00:00,2422.06,2407.4497,-1
2022-01-24 07:25:00+00:00,2424.7,2405.4792,-1
2022-01-24 07:30:00+00:00,2422.24,2403.3953,-1
2022-01-24 07:35:00+00:00,2419.71,2401.3147,-1
2022-01-24 07:40:00+00:00,2411.97,2399.2798,-1
2022-01-24 07:45:00+00:00,2404.98,2397.1694,-1
2022-01-24 07:50:00+00:00,2400.95,2394.8384,-1
2022-01-24 07:55:00+00:00,2390.65,2392.224,-1
2022-01-24 08:00:00+00:00,2393.49,2389.1824,-1
2022-01-24 08:05:00+00:00,2391.02,2385.841,-1
2022-01-24 08:10:00+00:00,2389.88,2382.3381,-1
2022-01-24 08:15:00+00:00,2399.22,2378.8005,-1
2022-01-24 08:20:00+00:00,2399.92,2375.5703,-1
2022-01-24 08:25:00+00:00,2397.78,2372.827,-1
2022-01-24 08:30:00+00:00,2404.22,2370.5784,-1
2022-01-24 08:35:00+00:00,2405.27,2368.9238,-1
2022-01-24 08:40:00+00:00,2405.26,2367.8657,-1
2022-01-24 08:45:00+00:00,2415.89,2367.3206,-1
2022-01-24 08:50:00+00:00,2403.17,2367.4048,-1
2022-01-24 08:55:00+00:00,2389.4,2367.7927,-1
2022-01-24 09:00:00+00:00,2391.29,2367.9814,-1
2022-01-24 09:05:00+00:00,2386.67,2367.82,-1
2022-01-24 09:10:00+00:00,2380.65,2367.2078,-1
2022-01-24 09:15:00+00:00,2371.13,2366.0713,-1
2022-01-24 09:20:00+00:00,2352.19,2364.288,1
2022-01-24 09:25:00+00:00,2348.96,2361.5483,1
2022-01-24 09:30:00+00:00,2354.41,2357.875,-1
2022-01-24 09:35:00+00:00,2349.37,2353.6335,-1
2022-01-24 09:40:00+00:00,2340.76,2349.0625,1
2022-01-24 09:45:00+00:00,2334.87,2344.2402,1
2022-01-24 09:50:00+00:00,2340.39,2339.215,-1
2022-01-24 09:55:00+00:00,2339.51,2334.2554,-1
2022-01-24 10:00:00+00:00,2337.53,2329.571,-1
2022-01-24 10:05:00+00:00,2323.3,2325.2444,-1
2022-01-24 10:10:00+00:00,2292.09,2321.0393,1
2022-01-24 10:15:00+00:00,2275.39,2316.289,1
2022-01-24 10:20:00+00:00,2270.4,2310.537,1
2022-01-24 10:25:00+00:00,2267.54,2303.7708,1
2022-01-24 10:30:00+00:00,2267.58,2296.247,1
2022-01-24 10:35:00+00:00,2255.54,2288.3633,1
2022-01-24 10:40:00+00:00,2257.33,2280.287,1
2022-01-24 10:45:00+00:00,2258.4,2272.3235,1
2022-01-24 10:50:00+00:00,2242.84,2264.7737,1
2022-01-24 10:55:00+00:00,2236.53,2257.5405,1
2022-01-24 11:00:00+00:00,2223.8,2250.541,1
2022-01-24 11:05:00+00:00,2219.46,2243.5945,1
2022-01-24 11:10:00+00:00,2252.25,2236.6528,-1
2022-01-24 11:15:00+00:00,2271.36,2230.4907,-1
2022-01-24 11:20:00+00:00,2262.12,2225.8445,-1
2022-01-24 11:25:00+00:00,2256.71,2222.6982,-1
2022-01-24 11:30:00+00:00,2261.14,2220.746,-1
2022-01-24 11:35:00+00:00,2251.6,2219.7632,-1
2022-01-24 11:40:00+00:00,2256.82,2219.3242,-1
2022-01-24 11:45:00+00:00,2260.52,2219.26,-1
2022-01-24 11:50:00+00:00,2257.31,2219.495,-1
2022-01-24 11:55:00+00:00,2242.91,2219.894,-1
2022-01-24 12:00:00+00:00,2238.89,2220.087,-1
2022-01-24 12:05:00+00:00,2243.09,2219.8486,-1
2022-01-24 12:10:00+00:00,2245.59,2219.2412,-1
2022-01-24 12:15:00+00:00,2231.81,2218.43,-1
2022-01-24 12:20:00+00:00,2222.19,2217.2676,-1
2022-01-24 12:25:00+00:00,2218.26,2215.5737,-1
2022-01-24 12:30:00+00:00,2224.11,2213.3074,-1
2022-01-24 12:35:00+00:00,2215.04,2210.7048,-1
2022-01-24 12:40:00+00:00,2199.8,2207.8167,1
2022-01-24 12:45:00+00:00,2186.83,2204.4814,1
2022-01-24 12:50:00+00:00,2194.56,2200.4878,1
2022-01-24 12:55:00+00:00,2212.95,2196.094,-1
2022-01-24 13:00:00+00:00,2205.73,2191.9412,-1
2022-01-24 13:05:00+00:00,2190.68,2188.2224,-1
2022-01-24 13:10:00+00:00,2219.15,2184.7148,-1
2022-01-24 13:15:00+00:00,2212.48,2181.8928,-1
2022-01-24 13:20:00+00:00,2208.98,2179.8054,-1
2022-01-24 13:25:00+00:00,2221.59,2178.3289,-1
2022-01-24 13:30:00+00:00,2224.17,2177.5623,-1
2022-01-24 13:35:00+00:00,2205.27,2177.4976,-1
2022-01-24 13:40:00+00:00,2197.89,2177.6592,-1
2022-01-24 13:45:00+00:00,2201.41,2177.6553,-1
2022-01-24 13:50:00+00:00,2199.72,2177.369,-1
2022-01-24 13:55:00+00:00,2199.92,2176.7935,-1
2022-01-24 14:00:00+00:00,2189.76,2176.0017,-1
2022-01-24 14:05:00+00:00,2182.74,2174.8865,-1
2022-01-24 14:10:00+00:00,2172.73,2173.3298,-1
2022-01-24 14:15:00+00:00,2190.07,2171.187,-1
2022-01-24 14:20:00+00:00,2192.13,2168.8582,-1
2022-01-24 14:25:00+00:00,2204.99,2166.69,-1
2022-01-24 14:30:00+00:00,2224.14,2165.0654,-1
2022-01-24 14:35:00+00:00,2221.47,2164.4724,-1
2022-01-24 14:40:00+00:00,2239.94,2164.934,-1
2022-01-24 14:45:00+00:00,2217.96,2166.6362,-1
2022-01-24 14:50:00+00:00,2206.63,2168.984,-1
2022-01-24 14:55:00+00:00,2211.01,2171.3076,-1
2022-01-24 15:00:00+00:00,2214.93,2173.3481,-1
2022-01-24 15:05:00+00:00,2204.73,2175.0845,-1
2022-01-24 15:10:00+00:00,2189.15,2176.3438,-1
2022-01-24 15:15:00+00:00,2191.87,2176.793,-1
2022-01-24 15:20:00+00:00,2197.41,2176.435,-1
2022-01-24 15:25:00+00:00,2236.08,2175.5637,-1
2022-01-24 15:30:00+00:00,2246.01,2175.1692,-1
2022-01-24 15:35:00+00:00,2260.79,2175.8132,-1
2022-01-24 15:40:00+00:00,2261.18,2177.8591,-1
2022-01-24 15:45:00+00:00,2259.15,2181.216,-1
2022-01-24 15:50:00+00:00,2257.02,2185.4856,-1
2022-01-24 15:55:00+00:00,2275.14,2190.215,-1
2022-01-24 16:00:00+00:00,2269.93,2195.3672,-1
2022-01-24 16:05:00+00:00,2261.91,2200.6655,-1
2022-01-24 16:10:00+00:00,2265.67,2205.7012,-1
2022-01-24 16:15:00+00:00,2281.73,2210.304,-1
2022-01-24 16:20:00+00:00,2277.31,2214.6958,-1
2022-01-24 16:25:00+00:00,2279.98,2218.8394,-1
2022-01-24 16:30:00+00:00,2285.81,2222.7456,-1
2022-01-24 16:35:00+00:00,2271.53,2226.471,-1
2022-01-24 16:40:00+00:00,2260.96,2229.7366,-1
2022-01-24 16:45:00+00:00,2247.35,2232.1965,-1
2022-01-24 16:50:00+00:00,2237.25,2233.5054,-1
2022-01-24 16:55:00+00:00,2255.64,2233.48,-1
2022-01-24 17:00:00+00:00,2255.33,2232.628,-1
2022-01-24 17:05:00+00:00,2248.74,2231.337,-1
2022-01-24 17:10:00+00:00,2237.69,2229.7578,-1
2022-01-24 17:15:00+00:00,2230.41,2227.8042,-1
2022-01-24 17:20:00+00:00,2241.29,2225.387,-1
2022-01-24 17:25:00+00:00,2247.9,2222.8,-1
2022-01-24 17:30:00+00:00,2261.2,2220.4119,-1
2022-01-24 17:35:00+00:00,2271.98,2218.6262,-1
2022-01-24 17:40:00+00:00,2300.85,2217.8066,-1
2022-01-24 17:45:00+00:00,2322.81,2218.5493,-1
2022-01-24 17:50:00+00:00,2335.6,2221.3013,-1
2022-01-24 17:55:00+00:00,2353.91,2226.1345,-1
2022-01-24 18:00:00+00:00,2341.5,2232.996,-1
2022-01-24 18:05:00+00:00,2345.35,2241.126,-1
2022-01-24 18:10:00+00:00,2371.42,2249.8904,-1
2022-01-24 18:15:00+00:00,2383.85,2259.2478,-1
2022-01-24 18:20:00+00:00,2379.7,2269.1655,-1
2022-01-24 18:25:00+00:00,2370.58,2279.2466,-1
2022-01-24 18:30:00+00:00,2377.17,2288.8962,-1
2022-01-24 18:35:00+00:00,2378.26,2297.8486,-1
2022-01-24 18:40:00+00:00,2381.67,2305.9548,-1
2022-01-24 18:45:00+00:00,2386.35,2313.2058,-1
2022-01-24 18:50:00+00:00,2399.1,2319.6677,-1
2022-01-24 18:55:00+00:00,2389.59,2325.6577,-1
2022-01-24 19:00:00+00:00,2394.51,2331.0776,-1
2022-01-24 19:05:00+00:00,2387.34,2335.9526,-1
2022-01-24 19:10:00+00:00,2381.58,2340.149,-1
2022-01-24 19:15:00+00:00,2366.83,2343.4863,-1
2022-01-24 19:20:00+00:00,2365.56,2345.6597,-1
2022-01-24 19:25:00+00:00,2359.25,2346.6587,-1
2022-01-24 19:30:00+00:00,2363.31,2346.519,-1
2022-01-24 19:35:00+00:00,2354.78,2345.5376,-1
2022-01-24 19:40:00+00:00,2355.23,2343.8333,-1
2022-01-24 19:45:00+00:00,2351.7,2341.6348,-1
2022-01-24 19:50:00+00:00,2363.75,2339.0898,-1
2022-01-24 19:55:00+00:00,2371.62,2336.6262,-1
2022-01-24 20:00:00+00:00,2382.66,2334.6353,-1
2022-01-24 20:05:00+00:00,2374.8,2333.4917,-1
2022-01-24 20:10:00+00:00,2384.49,2333.0625,-1
2022-01-24 20:15:00+00:00,2390.39,2333.378,-1
2022-01-24 20:20:00+00:00,2391.08,2334.44,-1
2022-01-24 20:25:00+00:00,2391.74,2336.1318,-1
2022-01-24 20:30:00+00:00,2393.95,2338.255,-1
2022-01-24 20:35:00+00:00,2416.2,2340.6602,-1
2022-01-24 20:40:00+00:00,2416.49,2343.6453,-1
2022-01-24 20:45:00+00:00,2424.0,2347.2244,-1
2022-01-24 20:50:00+00:00,2441.06,2351.3628,-1
2022-01-24 20:55:00+00:00,2460.55,2356.24,-1
2022-01-24 21:00:00+00:00,2449.0,2362.1328,-1
2022-01-24 21:05:00+00:00,2446.57,2368.6406,-1
2022-01-24 21:10:00+00:00,2450.54,2375.2598,-1
2022-01-24 21:15:00+00:00,2451.43,2381.697,-1
2022-01-24 21:20:00+00:00,2453.14,2387.7356,-1
2022-01-24 21:25:00+00:00,2448.42,2393.2788,-1
2022-01-24 21:30:00+00:00,2453.25,2398.1367,-1
2022-01-24 21:35:00+00:00,2462.01,2402.34,-1
2022-01-24 21:40:00+00:00,2456.94,2406.1294,-1
2022-01-24 21:45:00+00:00,2450.82,2409.4978,-1
2022-01-24 21:50:00+00:00,2448.93,2412.3062,-1
2022-01-24 21:55:00+00:00,2448.05,2414.467,-1
2022-01-24 22:00:00+00:00,2442.17,2415.9966,-1
2022-01-24 22:05:00+00:00,2445.07,2416.8591,-1
2022-01-24 22:10:00+00:00,2445.91,2417.2002,-1
2022-01-24 22:15:00+00:00,2451.07,2417.16,-1
2022-01-24 22:20:00+00:00,2449.63,2416.992,-1
2022-01-24 22:25:00+00:00,2442.65,2416.8123,-1
2022-01-24 22:30:00+00:00,2426.56,2416.5151,-1
2022-01-24 22:35:00+00:00,2418.47,2415.7234,-1
2022-01-24 22:40:00+00:00,2419.9,2414.1914,-1
2022-01-24 22:45:00+00:00,2420.84,2412.0088,-1
2022-01-24 22:50:00+00:00,2418.46,2409.403,-1
2022-01-24 22:55:00+00:00,2417.35,2406.5405,-1
2022-01-24 23:00:00+00:00,2419.72,2403.5754,-1
2022-01-24 23:05:00+00:00,2420.58,2400.7136,-1
2022-01-24 23:10:00+00:00,2426.21,2398.112,-1
2022-01-24 23:15:00+00:00,2431.43,2395.9543,-1
2022-01-24 23:20:00+00:00,2432.05,2394.4055,-1
2022-01-24 23:25:00+00:00,2427.97,2393.4788,-1
2022-01-24 23:30:00+00:00,2428.02,2393.0103,-1
2022-01-24 23:35:00+00:00,2436.01,2392.8528,-1
2022-01-24 23:40:00+00:00,2441.18,2393.0642,-1
2022-01-24 23:45:00+00:00,2443.98,2393.718,-1
2022-01-24 23:50:00+00:00,2440.21,2394.8247,-1
2022-01-24 23:55:00+00:00,2440.41,2396.2053,-1
2022-01-25 00:00:00+00:00,2434.79,2397.7048,-1
2022-01-25 00:05:00+00:00,2435.27,2399.084,-1
2022-01-25 00:10:00+00:00,2429.75,2400.2385,-1
2022-01-25 00:15:00+00:00,2433.73,2401.0208,-1
2022-01-25 00:20:00+00:00,2432.61,2401.4956,-1
2022-01-25 00:25:00+00:00,2428.03,2401.7195,-1
2022-01-25 00:30:00+00:00,2426.55,2401.659,-1
2022-01-25 00:35:00+00:00,2425.77,2401.3115,-1
2022-01-25 00:40:00+00:00,2428.21,2400.7134,-1
2022-01-25 00:45:00+00:00,2420.87,2399.987,-1
2022-01-25 00:50:00+00:00,2419.11,2399.0732,-1
2022-01-25 00:55:00+00:00,2401.41,2397.9492,-1
2022-01-25 01:00:00+00:00,2402.02,2396.2883,-1
2022-01-25 01:05:00+00:00,2403.46,2394.0767,-1
2022-01-25 01:10:00+00:00,2398.67,2391.492,-1
2022-01-25 01:15:00+00:00,2393.56,2388.6255,-1
2022-01-25 01:20:00+00:00,2394.18,2385.5176,-1
2022-01-25 01:25:00+00:00,2394.67,2382.2988,-1
2022-01-25 01:30:00+00:00,2391.22,2379.1323,-1
2022-01-25 01:35:00+00:00,2393.28,2376.0737,-1
2022-01-25 01:40:00+00:00,2389.54,2373.2263,-1
2022-01-25 01:45:00+00:00,2388.81,2370.5808,-1
2022-01-25 01:50:00+00:00,2392.07,2368.1414,-1
2022-01-25 01:55:00+00:00,2390.66,2365.9983,-1
2022-01-25 02:00:00+00:00,2392.09,2364.1492,-1
2022-01-25 02:05:00+00:00,2392.69,2362.6167,-1
2022-01-25 02:10:00+00:00,2397.22,2361.3933,-1
2022-01-25 02:15:00+00:00,2394.57,2360.5552,-1
2022-01-25 02:20:00+00:00,2391.01,2360.033,-1
2022-01-25 02:25:00+00:00,2392.46,2359.6711,-1
2022-01-25 02:30:00+00:00,2396.46,2359.408,-1
2022-01-25 02:35:00+00:00,2395.85,2359.2998,-1
2022-01-25 02:40:00+00:00,2397.51,2359.337,-1
2022-01-25 02:45:00+00:00,2401.69,2359.5195,-1
2022-01-25 02:50:00+00:00,2407.41,2359.911,-1
2022-01-25 02:55:00+00:00,2408.64,2360.6196,-1
2022-01-25 03:00:00+00:00,2407.05,2361.6543,-1
2022-01-25 03:05:00+00:00,2404.95,2362.9067,-1
2022-01-25 03:10:00+00:00,2401.55,2364.21,-1
2022-01-25 03:15:00+00:00,2405.97,2365.3884,-1
2022-01-25 03:20:00+00:00,2405.75,2366.4539,-1
2022-01-25 03:25:00+00:00,2406.6,2367.411,-1
2022-01-25 03:30:00+00:00,2415.37,2368.2705,-1
2022-01-25 03:35:00+00:00,2415.05,2369.2266,-1
2022-01-25 03:40:00+00:00,2413.62,2370.33,-1
2022-01-25 03:45:00+00:00,2408.27,2371.522,-1
2022-01-25 03:50:00+00:00,2410.6,2372.6162,-1
2022-01-25 03:55:00+00:00,2414.45,2373.568,-1
2022-01-25 04:00:00+00:00,2416.65,2374.451,-1
2022-01-25 04:05:00+00:00,2413.38,2375.3433,-1
2022-01-25 04:10:00+00:00,2413.48,2376.1829,-1
2022-01-25 04:15:00+00:00,2413.09,2376.9338,-1
2022-01-25 04:20:00+00:00,2411.68,2377.5767,-1
2022-01-25 04:25:00+00:00,2413.15,2378.0771,-1
2022-01-25 04:30:00+00:00,2410.79,2378.465,-1
2022-01-25 04:35:00+00:00,2403.83,2378.7083,-1
2022-01-25 04:40:00+00:00,2398.66,2378.6653,-1
2022-01-25 04:45:00+00:00,2393.0,2378.2178,-1
2022-01-25 04:50:00+00:00,2390.28,2377.2659,-1
2022-01-25 04:55:00+00:00,2386.61,2375.815,-1
2022-01-25 05:00:00+00:00,2384.87,2373.9045,-1
2022-01-25 05:05:00+00:00,2388.82,2371.6394,-1
2022-01-25 05:10:00+00:00,2390.49,2369.2534,-1
2022-01-25 05:15:00+00:00,2388.01,2366.9595,-1
2022-01-25 05:20:00+00:00,2385.8,2364.8252,-1
2022-01-25 05:25:00+00:00,2383.59,2362.8516,-1
2022-01-25 05:30:00+00:00,2383.29,2361.0032,-1
2022-01-25 05:35:00+00:00,2384.31,2359.2734,-1
2022-01-25 05:40:00+00:00,2387.81,2357.6987,-1
2022-01-25 05:45:00+00:00,2386.84,2356.3745,-1
2022-01-25 05:50:00+00:00,2387.35,2355.3083,-1
2022-01-25 05:55:00+00:00,2391.78,2354.4937,-1
2022-01-25 06:00:00+00:00,2394.06,2353.9946,-1
2022-01-25 06:05:00+00:00,2393.22,2353.8481,-1
2022-01-25 06:10:00+00:00,2390.94,2353.9949,-1
2022-01-25 06:15:00+00:00,2382.48,2354.3052,-1
2022-01-25 06:20:00+00:00,2378.03,2354.5098,-1
2022-01-25 06:25:00+00:00,2376.91,2354.407,-1
2022-01-25 06:30:00+00:00,2375.33,2353.9395,-1
2022-01-25 06:35:00+00:00,2379.97,2353.1228,-1
2022-01-25 06:40:00+00:00,2372.25,2352.1409,-1
2022-01-25 06:45:00+00:00,2371.6,2350.9668,-1
2022-01-25 06:50:00+00:00,2372.78,2349.6235,-1
2022-01-25 06:55:00+00:00,2371.45,2348.2073,-1
2022-01-25 07:00:00+00:00,2370.73,2346.7717,-1
2022-01-25 07:05:00+00:00,2369.42,2345.3564,-1
2022-01-25 07:10:00+00:00,2360.11,2343.9785,-1
2022-01-25 07:15:00+00:00,2359.73,2342.4702,-1
2022-01-25 07:20:00+00:00,2360.93,2340.8008,-1
2022-01-25 07:25:00+00:00,2366.84,2339.048,-1
2022-01-25 07:30:00+00:00,2373.43,2337.416,-1
2022-01-25 07:35:00+00:00,2377.12,2336.1528,-1
2022-01-25 07:40:00+00:00,2379.67,2335.4116,-1
2022-01-25 07:45:00+00:00,2379.25,2335.235,-1
2022-01-25 07:50:00+00:00,2379.36,2335.5483,-1
2022-01-25 07:55:00+00:00,2383.79,2336.2192,-1
2022-01-25 08:00:00+00:00,2394.05,2337.2112,-1
2022-01-25 08:05:00+00:00,2392.03,2338.6516,-1
2022-01-25 08:10:00+00:00,2392.62,2340.4546,-1
2022-01-25 08:15:00+00:00,2404.96,2342.4915,-1
2022-01-25 08:20:00+00:00,2404.98,2344.886,-1
2022-01-25 08:25:00+00:00,2395.18,2347.588,-1
2022-01-25 08:30:00+00:00,2384.38,2350.2595,-1
2022-01-25 08:35:00+00:00,2384.65,2352.461,-1
2022-01-25 08:40:00+00:00,2390.86,2354.034,-1
2022-01-25 08:45:00+00:00,2394.57,2355.124,-1
2022-01-25 08:50:00+00:00,2398.65,2355.9438,-1
2022-01-25 08:55:00+00:00,2394.87,2356.695,-1
2022-01-25 09:00:00+00:00,2387.58,2357.3853,-1
2022-01-25 09:05:00+00:00,2391.65,2357.8608,-1
2022-01-25 09:10:00+00:00,2394.37,2358.1614,-1
2022-01-25 09:15:00+00:00,2398.21,2358.3894,-1
2022-01-25 09:20:00+00:00,2402.25,2358.668,-1
2022-01-25 09:25:00+00:00,2411.23,2359.1245,-1
2022-01-25 09:30:00+00:00,2412.95,2359.976,-1
2022-01-25 09:35:00+00:00,2416.1,2361.2703,-1
2022-01-25 09:40:00+00:00,2413.05,2362.9875,-1
2022-01-25 09:45:00+00:00,2413.54,2364.9434,-1
2022-01-25 09:50:00+00:00,2415.2,2366.9866,-1
2022-01-25 09:55:00+00:00,2425.43,2369.0295,-1
2022-01-25 10:00:00+00:00,2423.71,2371.2058,-1
2022-01-25 10:05:00+00:00,2425.43,2373.4773,-1
2022-01-25 10:10:00+00:00,2436.13,2375.797,-1
2022-01-25 10:15:00+00:00,2444.23,2378.3186,-1
2022-01-25 10:20:00+00:00,2440.4,2381.2083,-1
2022-01-25 10:25:00+00:00,2436.88,2384.3308,-1
2022-01-25 10:30:00+00:00,2433.88,2387.4392,-1
2022-01-25 10:35:00+00:00,2428.49,2390.288,-1
2022-01-25 10:40:00+00:00,2426.47,2392.6465,-1
2022-01-25 10:45:00+00:00,2425.28,2394.3977,-1
2022-01-25 10:50:00+00:00,2426.65,2395.535,-1
2022-01-25 10:55:00+00:00,2429.26,2396.1636,-1
2022-01-25 11:00:00+00:00,2432.47,2396.4707,-1
2022-01-25 11:05:00+00:00,2435.88,2396.654,-1
2022-01-25 11:10:00+00:00,2438.21,2396.894,-1
2022-01-25 11:15:00+00:00,2434.27,2397.2937,-1
2022-01-25 11:20:00+00:00,2428.25,2397.781,-1
2022-01-25 11:25:00+00:00,2417.57,2398.1687,-1
2022-01-25 11:30:00+00:00,2416.45,2398.1514,-1
2022-01-25 11:35:00+00:00,2418.57,2397.6292,-1
2022-01-25 11:40:00+00:00,2418.28,2396.71,-1
2022-01-25 11:45:00+00:00,2424.13,2395.528,-1
2022-01-25 11:50:00+00:00,2426.42,2394.3342,-1
2022-01-25 11:55:00+00:00,2425.17,2393.3176,-1
2022-01-25 12:00:00+00:00,2424.74,2392.5256,-1
2022-01-25 12:05:00+00:00,2417.31,2391.947,-1
2022-01-25 12:10:00+00:00,2415.03,2391.3909,-1
2022-01-25 12:15:00+00:00,2416.77,2390.7236,-1
2022-01-25 12:20:00+00:00,2423.18,2389.9614,-1
2022-01-25 12:25:00+00:00,2429.12,2389.2854,-1
2022-01-25 12:30:00+00:00,2436.46,2388.9036,-1
2022-01-25 12:35:00+00:00,2436.57,2389.026,-1
2022-01-25 12:40:00+00:00,2449.94,2389.656,-1
2022-01-25 12:45:00+00:00,2446.43,2390.9858,-1
2022-01-25 12:50:00+00:00,2442.89,2392.8816,-1
2022-01-25 12:55:00+00:00,2442.25,2395.0586,-1
2022-01-25 13:00:00+00:00,2441.0,2397.2834,-1
2022-01-25 13:05:00+00:00,2434.22,2399.3743,-1
2022-01-25 13:10:00+00:00,2423.99,2401.0852,-1
2022-01-25 13:15:00+00:00,2427.04,2402.1216,-1
2022-01-25 13:20:00+00:00,2426.05,2402.5024,-1
2022-01-25 13:25:00+00:00,2419.0,2402.3335,-1
2022-01-25 13:30:00+00:00,2414.65,2401.6104,-1
2022-01-25 13:35:00+00:00,2417.27,2400.3406,-1
2022-01-25 13:40:00+00:00,2417.93,2398.6985,-1
2022-01-25 13:45:00+00:00,2419.75,2396.8816,-1
2022-01-25 13:50:00+00:00,2420.1,2395.0793,-1
2022-01-25 13:55:00+00:00,2422.62,2393.4243,-1
2022-01-25 14:00:00+00:00,2421.45,2392.0234,-1
2022-01-25 14:05:00+00:00,2433.53,2390.8928,-1
2022-01-25 14:10:00+00:00,2435.3,2390.272,-1
2022-01-25 14:15:00+00:00,2442.35,2390.237,-1
2022-01-25 14:20:00+00:00,2451.14,2390.8638,-1
2022-01-25 14:25:00+00:00,2447.1,2392.2495,-1
2022-01-25 14:30:00+00:00,2434.67,2394.2046,-1
2022-01-25 14:35:00+00:00,2449.14,2396.2295,-1
2022-01-25 14:40:00+00:00,2447.69,2398.3523,-1
2022-01-25 14:45:00+00:00,2434.68,2400.506,-1
2022-01-25 14:50:00+00:00,2423.26,2402.3354,-1
2022-01-25 14:55:00+00:00,2406.2,2403.4475,-1
2022-01-25 15:00:00+00:00,2384.29,2403.398,1
2022-01-25 15:05:00+00:00,2381.69,2401.73,1
2022-01-25 15:10:00+00:00,2388.04,2398.5073,1
2022-01-25 15:15:00+00:00,2409.38,2394.2185,-1
2022-01-25 15:20:00+00:00,2404.66,2389.8154,-1
2022-01-25 15:25:00+00:00,2415.37,2385.7358,-1
2022-01-25 15:30:00+00:00,2419.2,2382.4197,-1
2022-01-25 15:35:00+00:00,2418.18,2380.0823,-1
2022-01-25 15:40:00+00:00,2419.02,2378.6746,-1
2022-01-25 15:45:00+00:00,2429.06,2378.0435,-1
2022-01-25 15:50:00+00:00,2429.9,2378.2327,-1
2022-01-25 15:55:00+00:00,2425.84,2379.1252,-1
2022-01-25 16:00:00+00:00,2419.91,2380.4497,-1
2022-01-25 16:05:00+00:00,2426.53,2381.8557,-1
2022-01-25 16:10:00+00:00,2430.05,2383.2888,-1
2022-01-25 16:15:00+00:00,2438.26,2384.7703,-1
2022-01-25 16:20:00+00:00,2443.87,2386.458,-1
2022-01-25 16:25:00+00:00,2442.91,2388.4668,-1
2022-01-25 16:30:00+00:00,2438.98,2390.7446,-1
2022-01-25 16:35:00+00:00,2433.7,2393.069,-1
2022-01-25 16:40:00+00:00,2437.07,2395.1873,-1
2022-01-25 16:45:00+00:00,2442.89,2397.037,-1
2022-01-25 16:50:00+00:00,2444.98,2398.7358,-1
2022-01-25 16:55:00+00:00,2442.78,2400.3662,-1
2022-01-25 17:00:00+00:00,2436.17,2401.9011,-1
2022-01-25 17:05:00+00:00,2451.83,2403.1616,-1
2022-01-25 17:10:00+00:00,2446.04,2404.4216,-1
2022-01-25 17:15:00+00:00,2449.78,2405.6582,-1
2022-01-25 17:20:00+00:00,2465.61,2406.9202,-1
2022-01-25 17:25:00+00:00,2466.95,2408.5342,-1
2022-01-25 17:30:00+00:00,2462.26,2410.5942,-1
2022-01-25 17:35:00+00:00,2462.45,2412.9128,-1
2022-01-25 17:40:00+00:00,2464.9,2415.3167,-1
2022-01-25 17:45:00+00:00,2472.46,2417.708,-1
2022-01-25 17:50:00+00:00,2470.15,2420.168,-1
2022-01-25 17:55:00+00:00,2468.54,2422.6274,-1
2022-01-25 18:00:00+00:00,2470.34,2424.9578,-1
2022-01-25 18:05:00+00:00,2469.55,2427.1147,-1
2022-01-25 18:10:00+00:00,2471.77,2429.0515,-1
2022-01-25 18:15:00+00:00,2477.93,2430.7856,-1
2022-01-25 18:20:00+00:00,2479.94,2432.4749,-1
2022-01-25 18:25:00+00:00,2490.45,2434.1865,-1
2022-01-25 18:30:00+00:00,2497.06,2436.1492,-1
2022-01-25 18:35:00+00:00,2495.7,2438.5344,-1
2022-01-25 18:40:00+00:00,2490.85,2441.2559,-1
2022-01-25 18:45:00+00:00,2490.36,2444.043,-1
2022-01-25 18:50:00+00:00,2494.15,2446.6968,-1
2022-01-25 18:55:00+00:00,2494.26,2449.1826,-1
2022-01-25 19:00:00+00:00,2495.1,2451.4717,-1
2022-01-25 19:05:00+00:00,2492.53,2453.543,-1
2022-01-25 19:10:00+00:00,2494.35,2455.3267,-1
2022-01-25 19:15:00+00:00,2498.39,2456.8499,-1
2022-01-25 19:20:00+00:00,2497.24,2458.2285,-1
2022-01-25 19:25:00+00:00,2489.08,2459.4805,-1
2022-01-25 19:30:00+00:00,2482.98,2460.4287,-1
2022-01-25 19:35:00+00:00,2475.47,2460.8867,-1
2022-01-25 19:40:00+00:00,2478.83,2460.687,-1
2022-01-25 19:45:00+00:00,2482.89,2459.945,-1
2022-01-25 19:50:00+00:00,2478.87,2458.9116,-1
2022-01-25 19:55:00+00:00,2475.47,2457.6802,-1
2022-01-25 20:00:00+00:00,2466.84,2456.2776,-1
2022-01-25 20:05:00+00:00,2459.84,2454.5884,-1
2022-01-25 20:10:00+00:00,2456.21,2452.485,-1
2022-01-25 20:15:00+00:00,2458.61,2449.9495,-1
2022-01-25 20:20:00+00:00,2463.17,2447.1494,-1
2022-01-25 20:25:00+00:00,2455.22,2444.3672,-1
2022-01-25 20:30:00+00:00,2447.18,2441.6165,-1
2022-01-25 20:35:00+00:00,2444.38,2438.774,-1
2022-01-25 20:40:00+00:00,2450.68,2435.797,-1
2022-01-25 20:45:00+00:00,2452.83,2432.8933,-1
2022-01-25 20:50:00+00:00,2442.29,2430.2485,-1
2022-01-25 20:55:00+00:00,2442.39,2427.7312,-1
2022-01-25 21:00:00+00:00,2437.27,2425.3044,-1
2022-01-25 21:05:00+00:00,2430.63,2422.884,-1
2022-01-25 21:10:00+00:00,2428.55,2420.343,-1
2022-01-25 21:15:00+00:00,2428.85,2417.651,-1
2022-01-25 21:20:00+00:00,2423.48,2414.8813,-1
2022-01-25 21:25:00+00:00,2418.44,2412.0269,-1
2022-01-25 21:30:00+00:00,2417.94,2409.0566,-1
2022-01-25 21:35:00+00:00,2414.77,2406.0251,-1
2022-01-25 21:40:00+00:00,2416.85,2402.956,-1
2022-01-25 21:45:00+00:00,2416.32,2399.9783,-1
2022-01-26 00:00:00+00:00,2452.8800000000006,2397.1873,-1
2022-01-26 00:05:00+00:00,2450.77,2395.434,-1
2022-01-26 00:10:00+00:00,2453.67,2394.931,-1
2022-01-26 00:15:00+00:00,2447.05,2395.6099,-1
2022-01-26 00:20:00+00:00,2444.88,2397.086,-1
2022-01-26 00:25:00+00:00,2445.27,2398.967,-1
2022-01-26 00:30:00+00:00,2447.19,2400.9797,-1
2022-01-26 00:35:00+00:00,2451.02,2402.987,-1
2022-01-26 00:40:00+00:00,2448.85,2404.9644,-1
2022-01-26 00:45:00+00:00,2437.05,2406.8284,-1
2022-01-26 00:50:00+00:00,2432.26,2408.2703,-1
2022-01-26 00:55:00+00:00,2427.48,2409.0898,-1
2022-01-26 01:00:00+00:00,2427.53,2409.1853,-1
2022-01-26 01:01:00+00:00,2427.45,2408.638,0
